<?xml version="1.0" encoding="UTF-8"?>
<project-private xmlns="http://www.netbeans.org/ns/project-private/1">
    <editor-bookmarks xmlns="http://www.netbeans.org/ns/editor-bookmarks/2" lastBookmarkId="0"/>
    <open-files xmlns="http://www.netbeans.org/ns/projectui-open-files/2">
        <group>
            <file>file:/Users/gemy/Desktop/Electricity%20Bill%20Management%20System/src/electricity/management/system/DB.java</file>
            <file>file:/Users/gemy/Desktop/Electricity%20Bill%20Management%20System/src/electricity/management/system/AddBill.java</file>
            <file>file:/Users/gemy/Desktop/Electricity%20Bill%20Management%20System/src/electricity/management/system/ResidentialBill.java</file>
        </group>
    </open-files>
</project-private>
